{"cameraMode":{"drawMode":0,"name":"Shaded","section":"Shading Mode"},"sceneLighting":true,"audioPlay":false,"sceneViewState":{"m_AlwaysRefresh":false,"showFog":true,"showSkybox":true,"showFlares":true,"showImageEffects":true,"showParticleSystems":true,"showVisualEffectGraphs":true,"m_FxEnabled":true},"in2DMode":false,"pivot":{"x":-0.027168869972229005,"y":1.6931005716323853,"z":0.1315264254808426},"rotation":{"x":0.13220199942588807,"y":-0.6926265358924866,"z":0.13141131401062013,"w":0.6967949867248535},"size":1.072019100189209,"orthographic":false}